/docs/directive-resolvers /docs/schema-directives 301
/docs/schema-directives-legacy /docs/schema-directives 301
/docs/schema-stitching https://the-guild.dev/graphql/stitching 301
/docs/stitch-api https://the-guild.dev/graphql/stitching 301
/docs/stitch-combining-schemas https://the-guild.dev/graphql/stitching/docs/approaches 301
/docs/stitch-directives-sdl https://the-guild.dev/graphql/stitching/docs/approaches/stitching-directives 301
/docs/stitch-schema-extensions https://the-guild.dev/graphql/stitching/docs/approaches/schema-extensions 301
/docs/stitch-type-merging https://the-guild.dev/graphql/stitching/docs/approaches/type-merging 301
/docs/schema-stitching/stitch-api https://the-guild.dev/graphql/stitching 301
/docs/schema-stitching/stitch-combining-schemas https://3274ca7d.schema-stitching.pages.dev/docs/approaches 301
/docs/schema-stitching/stitch-directives-sdl https://the-guild.dev/graphql/stitching/docs/approaches/stitching-directives 301
/docs/schema-stitching/stitch-schema-extensions https://the-guild.dev/graphql/stitching/docs/approaches/schema-extensions 301
/docs/schema-stitching/stitch-type-merging https://the-guild.dev/graphql/stitching/docs/approaches/type-merging 301
/docs/schema-stitching/stitch-federation https://the-guild.dev/graphql/stitching/handbook/other-integrations/federation-services 301
/docs/schema-transforms https://the-guild.dev/graphql/stitching/docs/getting-started/adding-transforms 301
/docs/batch-execution https://the-guild.dev/graphql/stitching/docs/getting-started/remote-subschemas#batch-execution 301
/docs/remote-schemas https://the-guild.dev/graphql/stitching/docs/getting-started/remote-subschemas 301
/docs/schema-delegation https://the-guild.dev/graphql/stitching/docs/approaches/schema-extensions#schema-delegation 301
/docs/schema-wrapping https://the-guild.dev/graphql/stitching/docs/transforms 301
/docs/migration-from-import /docs/migration/migration-from-import 301
/docs/migration-from-merge-graphql-schemas /docs/migration/migration-from-merge-graphql-schemas 301
/docs/migration-from-toolkit /docs/migration/migration-from-toolkit 301
/docs/migration-from-tools /docs/migration/migration-from-tools 301
/docs /docs/introduction 301
/api/modules/:name /docs/api/modules/:name\_src 301
/docs/legacy-schema-directives /docs/schema-directives 301
/docs/merge-resolvers /docs/resolvers 301
/docs/migration-from-tools-v5 /docs/migration/migration-from-tools 301
/docs/graphql-tools/mocking /docs/mocking 301
/docs/merge-typedefs /docs/migration/migration-from-merge-graphql-schemas 301
/install /docs/introduction 301
/docs/api/modules /docs/api/modules/batch_delegate_src 301
/docs/api/modules/merge#mergetypedefs /docs/api/modules/merge_src#mergetypedefs 301